{"is_source_file": true, "format": "HTML", "description": "This is a web page implementing the UI for a database visualizer tool. It includes layout, styling, and client-side JavaScript logic to load and display databases, tables, and data within tables, providing interactive features like refresh, expand, and navigation.", "external_files": [], "external_methods": [], "published": [], "classes": [], "methods": [{"name": "loadDatabases", "description": "Fetches the list of databases from the API and populates the sidebar."}, {"name": "refreshDatabases", "description": "Refreshes the list of databases when the refresh button is clicked."}, {"name": "toggleDatabase", "description": "Expands or collapses the selected database to show tables."}, {"name": "loadTables", "description": "Loads tables for the selected database and displays them."}, {"name": "loadTableData", "description": "Fetches data for selected table and renders it in the main content area."}, {"name": "renderTable", "description": "Constructs HTML table from data array and injects into DOM."}, {"name": "renderCell", "description": "Creates table cell HTML, with expandability for objects and long text."}, {"name": "expandCell", "description": "Handles expanding and collapsing cell content for long strings or objects."}], "calls": ["fetch", "showLoading", "showError", "showEmptyState", "setActiveState", "loadDatabases", "loadTables", "loadTableData", "renderTable", "renderCell", "expandCell"], "search-terms": ["database viewer", "tables list", "HTML UI", "JavaScript fetch API", "expand table cells", "interactive dashboard", "client-side rendering"], "state": 2, "file_id": 4, "knowledge_revision": 16, "git_revision": "b20cd51bd996e983fc317910dfc40d83bab1cb13", "hash": "ee63333a4841bf025439c755a74c9881", "format-version": 4, "code-base-name": "database", "filename": "database/db_visualizer/public/index.html", "revision_history": [{"16": "b20cd51bd996e983fc317910dfc40d83bab1cb13"}]}