{"is_source_file": true, "format": "bash", "description": "This is a shell script that automates the process of restoring different types of databases (SQLite, PostgreSQL, MySQL, MongoDB) from backup files. It intelligently detects available backup files and attempts to restore the database accordingly, handling various scenarios and fallback options.", "external_files": ["database_backup.db", "database_backup.sql", "database_backup.archive"], "external_methods": ["ls", "cp", "sudo -u postgres pg_isready", "psql", "mysqladmin", "mysql", "mongosh", "mongorestore"], "published": ["DB_NAME", "DB_USER", "DB_PASSWORD", "DB_PORT"], "classes": [], "methods": [], "calls": ["ls /usr/lib/postgresql/", "sudo -u postgres pg_isready", "psql", "mysqladmin ping", "mysql -h", "mysqladmin ping", "mysql", "mongosh", "mongorestore"], "search-terms": ["database restore", "backup detection", "SQLite", "PostgreSQL", "MySQL", "MongoDB", "shell script", "restore database"], "state": 2, "file_id": 8, "knowledge_revision": 13, "git_revision": "b20cd51bd996e983fc317910dfc40d83bab1cb13", "hash": "d42c3e6cbc3bbd627e3c08afcf4183ec", "format-version": 4, "code-base-name": "database", "filename": "database/restore_db.sh", "revision_history": [{"13": "b20cd51bd996e983fc317910dfc40d83bab1cb13"}]}