{"is_source_file": false, "format": "", "description": "", "external_files": [], "external_methods": [], "published": [], "classes": [], "methods": [], "calls": [], "search-terms": ["README.md", "simple-to-do-list"], "state": 2, "file_id": 1, "knowledge_revision": 3, "git_revision": "5983330b6f9a9b5492ec8a31566b32dc79d71f91", "hash": "74f0a4495b1d425d673a6fdc62a1e91d", "format-version": 4, "code-base-name": "database", "filename": "README.md", "revision_history": [{"3": "5983330b6f9a9b5492ec8a31566b32dc79d71f91"}]}